{"stat.chestOpened":13,"stat.cakeSlicesEaten":31,"stat.pickup.minecraft.pumpkin":3,"stat.walkOneCm":556209,"stat.pickup.minecraft.bone":3,"stat.useItem.minecraft.bread":2,"stat.useItem.minecraft.stone":4,"stat.pickup.minecraft.lit_pumpkin":3,"stat.useItem.minecraft.pumpkin":26,"stat.leaveGame":1,"stat.mineBlock.minecraft.pumpkin":7,"stat.mineBlock.minecraft.ice":2,"stat.useItem.minecraft.diamond_sword":14,"stat.useItem.minecraft.melon":7,"stat.jump":1605,"stat.swimOneCm":20933,"stat.pickup.minecraft.fence":1,"stat.useItem.minecraft.snow":48,"stat.fallOneCm":20645,"stat.climbOneCm":3807,"stat.useItem.minecraft.planks":1,"stat.pickup.minecraft.beef":10,"stat.useItem.minecraft.milk_bucket":12,"stat.entityKilledBy.Skeleton":1,"stat.pickup.minecraft.glowstone_dust":2,"stat.useItem.minecraft.birch_fence_gate":1,"stat.craftItem.minecraft.bread":2,"stat.crouchOneCm":380,"stat.mineBlock.minecraft.wool":5,"stat.pickup.minecraft.dirt":22,"stat.useItem.minecraft.dirt":21,"stat.sprintOneCm":122412,"stat.useItem.minecraft.diamond_block":1,"stat.pickup.minecraft.melon":12,"achievement.exploreAllBiomes":{"value":0,"progress":["Extreme Hills+","Forest","River","Extreme Hills"]},"stat.useItem.minecraft.fence":1,"stat.useItem.minecraft.water_bucket":2,"stat.craftingTableInteraction":1,"stat.pickup.minecraft.snow":4,"stat.useItem.minecraft.bed":1,"achievement.openInventory":29,"stat.entityKilledBy.Wolf":1,"stat.useItem.minecraft.snowball":146,"stat.mineBlock.minecraft.fence":1,"stat.craftItem.minecraft.snow":9,"stat.mineBlock.minecraft.glass_pane":3,"stat.useItem.minecraft.wheat_seeds":17,"stat.damageTaken":2129,"stat.pickup.minecraft.leather":6,"stat.drop.minecraft.bone":1,"stat.pickup.minecraft.bucket":1,"stat.mineBlock.minecraft.melon_block":2,"stat.pickup.minecraft.pumpkin_seeds":4,"stat.mobKills":6,"stat.pickup.minecraft.planks":1,"stat.flyOneCm":187146,"stat.pickup.minecraft.bed":1,"stat.deaths":5,"stat.mineBlock.minecraft.planks":1,"stat.pickup.minecraft.wheat_seeds":18,"stat.drop":1,"stat.playOneMinute":100823,"stat.useItem.minecraft.cake":27,"stat.killEntity.MushroomCow":5,"stat.sneakTime":750,"stat.pickup.minecraft.wool":5,"stat.pickup.minecraft.diamond_block":1,"stat.damageDealt":1247,"stat.useItem.minecraft.wool":56,"stat.sleepInBed":5,"stat.timeSinceDeath":7993,"stat.pickup.minecraft.snowball":205,"stat.mineBlock.minecraft.dirt":4,"stat.useItem.minecraft.spawn_egg":126,"stat.diveOneCm":5482,"stat.pickup.minecraft.wheat":8,"stat.useItem.minecraft.sandstone":5}