{"stat.beaconInteraction":1,"stat.useItem.minecraft.bow":119,"stat.useItem.minecraft.quartz_block":358,"stat.pickup.minecraft.wooden_slab":2,"stat.leaveGame":13,"stat.useItem.minecraft.glowstone":1706,"stat.mineBlock.minecraft.web":1,"stat.pickup.minecraft.rotten_flesh":3,"stat.useItem.minecraft.diamond_hoe":4,"stat.craftItem.minecraft.stone_axe":3,"stat.pickup.minecraft.cobblestone_wall":1,"stat.pickup.minecraft.bucket":5,"stat.killEntity.Enderman":1,"stat.pickup.minecraft.leather_boots":2,"stat.useItem.minecraft.anvil":5,"achievement.buildPickaxe":19,"stat.killEntity.Witch":1,"stat.killEntity.MushroomCow":24,"stat.useItem.minecraft.iron_pickaxe":248,"stat.craftItem.minecraft.wooden_pickaxe":2,"stat.useItem.minecraft.iron_shovel":1,"stat.drop.minecraft.cooked_mutton":7,"stat.pickup.minecraft.double_plant":6,"stat.drop.minecraft.wooden_shovel":1,"stat.pickup.minecraft.melon_block":4,"stat.pickup.minecraft.light_weighted_pressure_plate":4,"stat.pickup.minecraft.wooden_shovel":1,"stat.furnaceInteraction":44,"stat.drop.minecraft.gravel":9,"stat.useItem.minecraft.pumpkin_seeds":6,"stat.pickup.minecraft.sponge":30,"stat.pickup.minecraft.beef":84,"stat.pickup.minecraft.leather_helmet":1,"stat.useItem.minecraft.fence":35,"achievement.openInventory":882,"stat.pickup.minecraft.potion":32,"stat.mineBlock.minecraft.fence":7,"stat.useItem.minecraft.flint_and_steel":1,"stat.useItem.minecraft.wheat_seeds":35,"stat.pickup.minecraft.emerald":87,"stat.useItem.minecraft.dye":99,"stat.breakItem.minecraft.diamond_boots":1,"stat.useItem.minecraft.beef":5,"stat.deaths":155,"stat.pickup.minecraft.bowl":64,"stat.pickup.minecraft.egg":2,"stat.craftItem.minecraft.wooden_shovel":2,"stat.drop.minecraft.torch":56,"stat.drop.minecraft.glass_bottle":7,"stat.mineBlock.minecraft.tallgrass":25,"stat.craftItem.minecraft.cooked_mutton":4,"stat.pickup.minecraft.cooked_mutton":8,"stat.chestOpened":318,"stat.useItem.minecraft.splash_potion":232,"stat.useItem.minecraft.stone":279,"stat.pickup.minecraft.arrow":49,"stat.useItem.minecraft.ender_chest":8,"stat.drop.minecraft.stone_sword":3,"stat.crouchOneCm":20371,"achievement.killCow":17,"stat.craftItem.minecraft.diamond":63,"stat.pickup.minecraft.rail":1,"stat.craftItem.minecraft.iron_ingot":5,"stat.pickup.minecraft.ender_chest":32,"stat.craftingTableInteraction":42,"stat.pickup.minecraft.mushroom_stew":73,"stat.drop.minecraft.double_plant":1,"stat.pickup.minecraft.wooden_pickaxe":1,"stat.drop.minecraft.rabbit":1,"stat.craftItem.minecraft.wooden_sword":1,"stat.pickup.minecraft.dye":57,"stat.pickup.minecraft.planks":119,"stat.pickup.minecraft.wheat_seeds":61,"stat.mineBlock.minecraft.dirt":961,"stat.pickup.minecraft.brewing_stand":1,"stat.drop.minecraft.porkchop":18,"stat.useItem.minecraft.cobblestone":384,"stat.useItem.minecraft.gravel":1,"stat.mineBlock.minecraft.double_plant":1,"stat.pickup.minecraft.golden_hoe":1,"stat.drop.minecraft.glass_pane":1,"stat.pickup.minecraft.iron_pickaxe":7,"stat.pickup.minecraft.tipped_arrow":190,"stat.pickup.minecraft.apple":3,"stat.useItem.minecraft.glass_pane":377,"stat.pickup.minecraft.coal_block":11,"achievement.portal":3,"stat.craftItem.minecraft.planks":236,"stat.entityKilledBy.Wolf":93,"stat.pickup.minecraft.stone_sword":9,"stat.mineBlock.minecraft.log":98,"achievement.acquireIron":4,"stat.pickup.minecraft.red_flower":6,"stat.pickup.minecraft.wool":29,"stat.pickup.minecraft.cooked_fish":3,"stat.cakeSlicesEaten":76,"stat.drop.minecraft.pumpkin":1,"stat.craftItem.minecraft.diamond_leggings":1,"stat.drop.minecraft.stone_shovel":1,"stat.mineBlock.minecraft.cobblestone":32,"stat.mineBlock.minecraft.pumpkin":3,"stat.useItem.minecraft.beacon":4,"stat.pickup.minecraft.stone_pickaxe":16,"stat.pickup.minecraft.flint":29,"stat.useItem.minecraft.snow":12,"stat.pickup.minecraft.enchanted_book":21,"stat.pickup.minecraft.glowstone":123,"stat.drop.minecraft.cobblestone":7,"achievement.buildWorkBench":3,"stat.pickup.minecraft.cooked_porkchop":64,"stat.useItem.minecraft.obsidian":14,"stat.pickup.minecraft.bow":5,"stat.pickup.minecraft.stone_hoe":2,"stat.craftItem.minecraft.furnace":5,"stat.pickup.minecraft.end_portal_frame":2,"stat.pickup.minecraft.golden_axe":3,"stat.pickup.minecraft.shears":2,"stat.craftItem.minecraft.bow":2,"stat.pickup.minecraft.diamond_hoe":4,"stat.pickup.minecraft.diamond_leggings":2,"stat.flyOneCm":3645994,"stat.timeSinceDeath":7903,"stat.useItem.minecraft.wooden_slab":53,"stat.useItem.minecraft.potato":15,"stat.killEntity.Wolf":275,"stat.mineBlock.minecraft.coal_ore":103,"stat.pickup.minecraft.shield":1,"stat.killEntity.Creeper":1,"stat.craftItem.minecraft.stone_hoe":1,"stat.pickup.minecraft.wooden_sword":6,"stat.pickup.minecraft.string":24,"stat.mineBlock.minecraft.ladder":1,"stat.useItem.minecraft.milk_bucket":2,"achievement.buildSword":3,"stat.sprintOneCm":840457,"stat.useItem.minecraft.diamond_block":221,"stat.useItem.minecraft.diamond_shovel":209,"stat.useItem.minecraft.snowball":211,"stat.mineBlock.minecraft.diamond_ore":31,"stat.pickup.minecraft.leather_leggings":4,"achievement.killEnemy":6,"stat.pickup.minecraft.spawn_egg":38,"stat.useItem.minecraft.cake":42,"stat.useItem.minecraft.ladder":147,"stat.useItem.minecraft.diamond_ore":6,"stat.pickup.minecraft.iron_block":2,"stat.killEntity.Zombie":1,"stat.pickup.minecraft.snowball":2154,"stat.craftItem.minecraft.dye":105,"stat.mineBlock.minecraft.gold_ore":6,"stat.diveOneCm":246819,"stat.drop.minecraft.diamond_pickaxe":2,"stat.pickup.minecraft.wheat":6,"stat.craftItem.minecraft.ladder":3,"achievement.buildHoe":1,"stat.pickup.minecraft.sign":1,"stat.craftItem.minecraft.cooked_porkchop":32,"stat.pickup.minecraft.stone_axe":2,"stat.useItem.minecraft.rotten_flesh":3,"stat.jump":20999,"stat.pickup.minecraft.coal":223,"stat.pickup.minecraft.iron_ingot":21,"stat.drop.minecraft.diamond_sword":2,"stat.craftItem.minecraft.torch":204,"stat.pickup.minecraft.dirt":1935,"stat.useItem.minecraft.coal_ore":1,"achievement.makeBread":1,"stat.drop.minecraft.glowstone":3,"stat.useItem.minecraft.glass":434,"stat.pickup.minecraft.stone_shovel":37,"stat.useItem.minecraft.sapling":13,"stat.pickup.minecraft.gold_ore":6,"stat.mineBlock.minecraft.lapis_ore":9,"stat.drop.minecraft.gold_block":1,"stat.pickup.minecraft.cookie":105,"stat.damageTaken":63540,"stat.mineBlock.minecraft.torch":48,"stat.mineBlock.minecraft.melon_block":1,"stat.useItem.minecraft.gold_block":1707,"stat.mineBlock.minecraft.sapling":8,"stat.pickup.minecraft.ender_eye":2,"stat.noteblockTuned":4,"stat.craftItem.minecraft.glowstone":3,"stat.useItem.minecraft.slime":1,"stat.pickup.minecraft.bed":15,"stat.pickup.minecraft.potato":7,"stat.useItem.minecraft.chest":90,"stat.pickup.minecraft.diamond_pickaxe":3,"stat.drop.minecraft.diamond_ore":5,"stat.useItem.minecraft.pumpkin":4,"stat.useItem.minecraft.gold_ore":6,"stat.pickup.minecraft.ender_pearl":2,"stat.pickup.minecraft.ladder":15,"stat.mineBlock.minecraft.glowstone":5,"stat.mobKills":607,"stat.pickup.minecraft.diamond_boots":13,"stat.pickup.minecraft.diamond":101,"stat.pickup.minecraft.beetroot_seeds":26,"stat.breakItem.minecraft.wooden_shovel":1,"stat.pickup.minecraft.torch":390,"stat.drop.minecraft.quartz_block":1,"stat.drop.minecraft.stone_axe":1,"stat.drop.minecraft.shears":3,"stat.drop.minecraft.mutton":1,"stat.pickup.minecraft.deadbush":3,"stat.useItem.minecraft.planks":459,"stat.pickup.minecraft.glowstone_dust":76,"stat.pickup.minecraft.porkchop":87,"stat.pickup.minecraft.glass":1,"stat.drop.minecraft.melon":1,"achievement.overpowered":20,"stat.useItem.minecraft.water_bucket":153,"stat.pickup.minecraft.splash_potion":7,"achievement.diamonds":30,"stat.drop.minecraft.splash_potion":2,"stat.pickup.minecraft.wooden_hoe":2,"stat.craftItem.minecraft.stone_sword":2,"stat.mineBlock.minecraft.snow_layer":395,"stat.useItem.minecraft.ender_pearl":1,"achievement.buildBetterPickaxe":17,"stat.useItem.minecraft.spawn_egg":53,"stat.useItem.minecraft.oak_stairs":8,"stat.drop.minecraft.diamond_block":1,"stat.pickup.minecraft.wooden_button":3,"stat.pickup.minecraft.fence_gate":1,"stat.useItem.minecraft.cooked_mutton":1,"stat.pickup.minecraft.furnace":9,"achievement.mineWood":99,"stat.pickup.minecraft.iron_chestplate":1,"stat.pickup.minecraft.skull":1,"stat.pickup.minecraft.pumpkin_seeds":12,"stat.playOneMinute":1627673,"stat.pickup.minecraft.diamond_block":99,"stat.craftItem.minecraft.diamond_block":7,"stat.pickup.minecraft.pumpkin":7,"stat.useItem.minecraft.sponge":332,"stat.mineBlock.minecraft.ice":21,"stat.useItem.minecraft.experience_bottle":212,"stat.fallOneCm":554369,"stat.drop.minecraft.dye":6,"stat.pickup.minecraft.melon_seeds":45,"stat.craftItem.minecraft.chest":6,"stat.pickup.minecraft.red_mushroom":101,"stat.pickup.minecraft.melon":1,"stat.pickup.minecraft.milk_bucket":5,"stat.pickup.minecraft.emerald_ore":65,"stat.pickup.minecraft.feather":2,"stat.drop.minecraft.bone":2,"stat.useItem.minecraft.furnace":15,"stat.pickup.minecraft.slime":1,"stat.mineBlock.minecraft.gravel":24,"stat.useItem.minecraft.stone_pickaxe":371,"stat.useItem.minecraft.stone_sword":143,"stat.drop.minecraft.diamond_hoe":1,"stat.killEntity.Rabbit":1,"stat.useItem.minecraft.wool":8,"stat.pickup.minecraft.flint_and_steel":6,"stat.useItem.minecraft.torch":79,"stat.pickup.minecraft.golden_apple":1657,"stat.pickup.minecraft.crafting_table":6,"stat.useItem.minecraft.log":92,"stat.craftItem.minecraft.crafting_table":3,"stat.pickup.minecraft.iron_hoe":1,"stat.mineBlock.minecraft.emerald_ore":5,"stat.pickup.minecraft.log":244,"stat.drop.minecraft.planks":3,"stat.pickup.minecraft.sapling":45,"stat.pickup.minecraft.wooden_door":1,"stat.useItem.minecraft.birch_door":5,"stat.drop.minecraft.bow":2,"stat.pickup.minecraft.beetroot":4,"stat.craftItem.minecraft.snow":29,"stat.pickup.minecraft.diamond_helmet":7,"stat.useItem.minecraft.wooden_pressure_plate":4,"stat.useItem.minecraft.stone_hoe":12,"stat.useItem.minecraft.beetroot_seeds":5,"stat.sneakTime":19225,"stat.pickup.minecraft.rabbit":1,"stat.drop.minecraft.bucket":1,"stat.pickup.minecraft.yellow_flower":7,"stat.pickup.minecraft.chest":3,"stat.drop.minecraft.stone_pickaxe":4,"stat.craftItem.minecraft.diamond_chestplate":1,"stat.pickup.minecraft.bone":23,"stat.useItem.minecraft.mushroom_stew":2,"stat.drop.minecraft.glowstone_dust":3,"stat.useItem.minecraft.diamond_sword":1114,"stat.swimOneCm":228115,"stat.mineBlock.minecraft.diamond_block":5,"stat.climbOneCm":255445,"stat.enderchestOpened":52,"stat.useItem.minecraft.dirt":1074,"achievement.exploreAllBiomes":{"value":0,"progress":["ForestHills","Extreme Hills+","Birch Forest","Forest","River","Plains","Extreme Hills","Hell"]},"stat.pickup.minecraft.cooked_rabbit":128,"stat.pickup.minecraft.anvil":3,"stat.craftItem.minecraft.stone_pickaxe":17,"stat.pickup.minecraft.cobblestone":1686,"stat.pickup.minecraft.gold_block":84,"stat.useItem.minecraft.stone_shovel":126,"stat.pickup.minecraft.glass_bottle":15,"stat.drop.minecraft.wheat_seeds":1,"stat.pickup.minecraft.cactus":2,"stat.pickup.minecraft.redstone":38,"stat.mineBlock.minecraft.iron_ore":8,"stat.drop.minecraft.log":4,"stat.useItem.minecraft.sign":35,"stat.pickup.minecraft.mutton":25,"stat.useItem.minecraft.noteblock":2,"stat.pickup.minecraft.cake":1,"stat.pickup.minecraft.dark_oak_door":4,"stat.pickup.minecraft.redstone_lamp":2,"stat.drop.minecraft.dirt":51,"stat.useItem.minecraft.cooked_porkchop":7,"stat.pickup.minecraft.iron_shovel":4,"stat.pickup.minecraft.diamond_shovel":6,"stat.pickup.minecraft.nether_star":5,"stat.craftItem.minecraft.stick":184,"stat.drop.minecraft.potion":4,"stat.useItem.minecraft.stone_slab":786,"stat.useItem.minecraft.bed":17,"stat.mineBlock.minecraft.crafting_table":5,"stat.useItem.minecraft.ender_eye":1,"stat.useItem.minecraft.wooden_shovel":95,"stat.pickup.minecraft.diamond_chestplate":7,"stat.drop.minecraft.golden_apple":57,"stat.useItem.minecraft.bucket":1,"stat.entityKilledBy.Creeper":1,"achievement.buildFurnace":5,"stat.mineBlock.minecraft.planks":26,"stat.drop":299,"stat.killEntity.Sheep":7,"stat.useItem.minecraft.melon_seeds":5,"stat.drop.minecraft.bread":1,"stat.drop.minecraft.wooden_pickaxe":3,"stat.pickup.minecraft.gravel":65,"stat.useItem.minecraft.apple":1,"stat.useItem.minecraft.porkchop":6,"stat.useItem.minecraft.potion":21,"stat.drop.minecraft.cooked_porkchop":39,"stat.pickup.minecraft.diamond_sword":9,"stat.useItem.minecraft.bedrock":61,"stat.pickup.minecraft.fence":8,"stat.pickup.minecraft.iron_helmet":2,"stat.useItem.minecraft.stone_axe":46,"stat.craftItem.minecraft.bread":1,"stat.pickup.minecraft.diamond_ore":118,"stat.drop.minecraft.glass":1,"stat.pickup.minecraft.iron_ore":12,"stat.pickup.minecraft.snow":12,"stat.pickup.minecraft.leaves":1,"stat.pickup.minecraft.leather":31,"stat.mineBlock.minecraft.furnace":3,"stat.useItem.minecraft.wooden_pickaxe":55,"stat.drop.minecraft.water_bucket":1,"stat.pickup.minecraft.emerald_block":3,"stat.damageDealt":53334,"stat.sleepInBed":28,"stat.killEntity.Cow":30,"stat.useItem.minecraft.crafting_table":8,"stat.killEntity.Pig":22,"stat.craftItem.minecraft.stone_shovel":19,"stat.walkOneCm":2793173,"stat.playerKills":16,"stat.pickup.minecraft.stick":45,"stat.breakItem.minecraft.stone_pickaxe":4,"stat.craftItem.minecraft.diamond_boots":1,"stat.pickup.minecraft.stone":26,"stat.useItem.minecraft.leaves":1,"stat.pickup.minecraft.gold_ingot":289,"stat.pickup.minecraft.netherbrick":2,"stat.killEntity.Spider":2,"stat.mineBlock.minecraft.quartz_ore":8,"stat.pickup.minecraft.bread":10,"stat.drop.minecraft.diamond_boots":1,"stat.pickup.minecraft.quartz":9,"stat.useItem.minecraft.golden_apple":21,"stat.pickup.minecraft.water_bucket":9,"stat.mineBlock.minecraft.leaves":313,"stat.mineBlock.minecraft.redstone_ore":8,"stat.craftItem.minecraft.coal_block":5,"stat.mineBlock.minecraft.stone":407}