{"stat.chestOpened":2,"stat.walkOneCm":107096,"stat.pickup.minecraft.golden_apple":62,"stat.pickup.minecraft.sign":1,"stat.pickup.minecraft.stick":192,"stat.pickup.minecraft.diamond_pickaxe":2,"stat.drop.minecraft.diamond_chestplate":1,"stat.leaveGame":1,"stat.pickup.minecraft.chainmail_helmet":2,"stat.pickup.minecraft.melon_block":3,"stat.pickup.minecraft.spectral_arrow":1,"stat.drop.minecraft.glowstone_dust":47,"stat.pickup.minecraft.iron_shovel":1,"stat.drop.minecraft.chainmail_helmet":1,"stat.drop.minecraft.stone_slab":1,"stat.jump":361,"stat.swimOneCm":10289,"stat.drop.minecraft.skull":1,"stat.pickup.minecraft.iron_helmet":1,"stat.pickup.minecraft.coal":23,"stat.fallOneCm":3430,"stat.climbOneCm":3262,"stat.pickup.minecraft.glowstone":3,"stat.pickup.minecraft.glowstone_dust":47,"stat.drop.minecraft.cactus":1,"stat.crouchOneCm":10,"stat.pickup.minecraft.chainmail_leggings":3,"stat.pickup.minecraft.tipped_arrow":4,"stat.pickup.minecraft.dirt":2,"stat.drop.minecraft.iron_shovel":1,"stat.drop.minecraft.glowstone":3,"stat.drop.minecraft.melon_block":3,"stat.pickup.minecraft.ladder":4,"achievement.exploreAllBiomes":{"value":0,"progress":["Extreme Hills+","Forest","River","Extreme Hills"]},"stat.pickup.minecraft.skull":1,"stat.drop.minecraft.bed":1,"stat.craftingTableInteraction":1,"achievement.openInventory":22,"stat.pickup.minecraft.potion":5,"stat.pickup.minecraft.cookie":63,"stat.drop.minecraft.cookie":63,"stat.pickup.minecraft.diamond_helmet":2,"stat.damageTaken":4049,"stat.pickup.minecraft.diamond_chestplate":2,"stat.pickup.minecraft.cobblestone":33,"stat.pickup.minecraft.diamond_boots":2,"stat.pickup.minecraft.diamond_leggings":1,"stat.useItem.minecraft.golden_apple":1,"stat.flyOneCm":53122,"stat.pickup.minecraft.bed":2,"stat.drop.minecraft.iron_helmet":1,"stat.deaths":3,"stat.pickup.minecraft.glass_bottle":7,"stat.pickup.minecraft.chainmail_chestplate":2,"stat.pickup.minecraft.diamond":80,"stat.pickup.minecraft.quartz_block":1,"stat.drop":129,"stat.playOneMinute":32370,"stat.useItem.minecraft.wooden_sword":10,"stat.pickup.minecraft.torch":15,"stat.pickup.minecraft.cactus":1,"stat.sneakTime":183,"stat.pickup.minecraft.diamond_block":24,"stat.damageDealt":126,"stat.pickup.minecraft.glass_pane":1,"stat.timeSinceDeath":14435,"stat.pickup.minecraft.stone_slab":1,"stat.drop.minecraft.glass_bottle":4,"stat.pickup.minecraft.chainmail_boots":1,"stat.diveOneCm":2462,"stat.pickup.minecraft.mutton":1,"stat.drop.minecraft.chainmail_leggings":1}