{"stat.chestOpened":29,"stat.walkOneCm":177153,"stat.useItem.minecraft.torch":1,"stat.pickup.minecraft.golden_apple":384,"stat.useItem.minecraft.chest":2,"stat.useItem.minecraft.stone":14,"stat.pickup.minecraft.diamond_pickaxe":4,"stat.leaveGame":1,"stat.furnaceInteraction":6,"stat.mineBlock.minecraft.yellow_flower":1,"stat.useItem.minecraft.potion":3,"stat.drop.minecraft.red_flower":1,"stat.pickup.minecraft.log":6,"stat.jump":1064,"stat.swimOneCm":16298,"stat.useItem.minecraft.sand":7,"stat.mineBlock.minecraft.ladder":1,"stat.pickup.minecraft.coal":36,"stat.fallOneCm":28886,"stat.climbOneCm":2648,"stat.pickup.minecraft.furnace":1,"stat.pickup.minecraft.glowstone_dust":99,"stat.useItem.minecraft.yellow_flower":1,"stat.pickup.minecraft.stone":20,"stat.crouchOneCm":269,"stat.mineBlock.minecraft.chest":3,"achievement.mineWood":6,"stat.pickup.minecraft.sapling":3,"stat.pickup.minecraft.dirt":159,"stat.useItem.minecraft.dirt":102,"stat.sprintOneCm":987,"stat.useItem.minecraft.stained_glass":5,"stat.useItem.minecraft.diamond_block":209,"stat.pickup.minecraft.diamond_ore":14,"achievement.exploreAllBiomes":{"value":0,"progress":["Extreme Hills+","Birch Forest","Forest","River","Extreme Hills"]},"stat.pickup.minecraft.ladder":1,"stat.craftingTableInteraction":2,"stat.pickup.minecraft.sand":7,"stat.useItem.minecraft.red_flower":6,"stat.useItem.minecraft.bed":5,"achievement.openInventory":50,"stat.pickup.minecraft.potion":5,"stat.mineBlock.minecraft.diamond_ore":34,"stat.mineBlock.minecraft.glass_pane":3,"stat.pickup.minecraft.diamond_helmet":2,"stat.damageTaken":3586,"stat.useItem.minecraft.diamond_pickaxe":40,"stat.mineBlock.minecraft.red_flower":6,"stat.mineBlock.minecraft.glowstone":9,"stat.useItem.minecraft.furnace":2,"stat.pickup.minecraft.monster_egg":1,"stat.pickup.minecraft.diamond_chestplate":4,"stat.pickup.minecraft.diamond_boots":1,"stat.mineBlock.minecraft.log":7,"stat.pickup.minecraft.gold_block":189,"stat.pickup.minecraft.diamond_leggings":4,"stat.useItem.minecraft.golden_apple":1,"stat.flyOneCm":122019,"stat.pickup.minecraft.bed":5,"stat.deaths":4,"stat.useItem.minecraft.monster_egg":1,"stat.pickup.minecraft.diamond":149,"stat.drop":1,"stat.mineBlock.minecraft.sand":7,"stat.mineBlock.minecraft.leaves":54,"stat.playOneMinute":84744,"stat.pickup.minecraft.torch":1,"stat.pickup.minecraft.red_flower":7,"stat.useItem.minecraft.diamond_ore":34,"stat.useItem.minecraft.ladder":7,"stat.sneakTime":1745,"stat.pickup.minecraft.diamond_block":193,"stat.damageDealt":490,"stat.sleepInBed":3,"stat.timeSinceDeath":41549,"stat.pickup.minecraft.yellow_flower":1,"stat.mineBlock.minecraft.dirt":94,"stat.mineBlock.minecraft.tallgrass":8,"stat.diveOneCm":22942,"stat.pickup.minecraft.chest":4}