{"stat.chestOpened":36,"stat.craftItem.minecraft.stone_shovel":2,"stat.pickup.minecraft.double_plant":5,"stat.walkOneCm":380482,"stat.pickup.minecraft.bone":10,"stat.useItem.minecraft.torch":51,"stat.playerKills":5,"stat.pickup.minecraft.stick":20,"stat.pickup.minecraft.gravel":47,"stat.leaveGame":1,"stat.mineBlock.minecraft.cobblestone":40,"stat.useItem.minecraft.cobblestone":153,"stat.pickup.minecraft.stone_pickaxe":3,"stat.furnaceInteraction":8,"stat.pickup.minecraft.stone_axe":3,"stat.pickup.minecraft.flint":1,"stat.useItem.minecraft.gravel":17,"stat.mineBlock.minecraft.double_plant":1,"stat.craftItem.minecraft.stone_hoe":1,"stat.pickup.minecraft.wooden_sword":1,"stat.pickup.minecraft.log":67,"stat.jump":2471,"stat.swimOneCm":4122,"stat.useItem.minecraft.double_plant":2,"stat.useItem.minecraft.snow":16,"stat.pickup.minecraft.coal":18,"stat.fallOneCm":64308,"stat.climbOneCm":10654,"stat.useItem.minecraft.planks":1,"stat.pickup.minecraft.iron_ingot":1,"stat.drop.minecraft.cobblestone":4,"stat.entityKilledBy.Skeleton":4,"stat.crouchOneCm":22,"achievement.mineWood":14,"stat.pickup.minecraft.sapling":35,"stat.pickup.minecraft.dirt":589,"stat.useItem.minecraft.dirt":157,"stat.sprintOneCm":11525,"achievement.exploreAllBiomes":{"value":0,"progress":["Extreme Hills+","Forest","River","Extreme Hills"]},"stat.pickup.minecraft.apple":3,"stat.craftingTableInteraction":15,"stat.pickup.minecraft.rotten_flesh":5,"stat.pickup.minecraft.stone_hoe":2,"stat.pickup.minecraft.stone_shovel":35,"stat.pickup.minecraft.snow":16,"stat.useItem.minecraft.red_flower":1,"stat.useItem.minecraft.sapling":22,"stat.entityKilledBy.Spider":1,"achievement.openInventory":48,"stat.useItem.minecraft.snowball":58,"stat.craftItem.minecraft.stone_axe":1,"stat.damageTaken":3495,"stat.pickup.minecraft.stone_sword":1,"stat.craftItem.minecraft.stone_pickaxe":2,"stat.mineBlock.minecraft.torch":10,"stat.mineBlock.minecraft.red_flower":2,"stat.pickup.minecraft.cobblestone":545,"stat.mineBlock.minecraft.sapling":13,"stat.mineBlock.minecraft.log":12,"stat.pickup.minecraft.dye":12,"stat.pickup.minecraft.planks":55,"stat.useItem.minecraft.stone_shovel":314,"stat.pickup.minecraft.reeds":6,"stat.flyOneCm":45199,"stat.mineBlock.minecraft.snow_layer":274,"stat.mineBlock.minecraft.planks":3,"stat.deaths":13,"stat.mineBlock.minecraft.snow":17,"stat.drop":4,"stat.mineBlock.minecraft.leaves":146,"stat.playOneMinute":160572,"stat.entityKilledBy.Zombie":2,"stat.useItem.minecraft.wooden_sword":1,"stat.mineBlock.minecraft.gravel":17,"stat.pickup.minecraft.torch":55,"stat.useItem.minecraft.stone_pickaxe":41,"stat.pickup.minecraft.red_flower":2,"stat.sneakTime":7,"stat.damageDealt":1022,"stat.pickup.minecraft.snowball":917,"stat.timeSinceDeath":505,"stat.mineBlock.minecraft.dirt":113,"stat.mineBlock.minecraft.tallgrass":6,"stat.diveOneCm":303}