{"stat.craftItem.minecraft.diamond_chestplate":1,"stat.craftItem.minecraft.diamond_leggings":1,"stat.leaveGame":1,"stat.mineBlock.minecraft.cobblestone":4,"stat.pickup.minecraft.stone_pickaxe":1,"stat.pickup.minecraft.flint":40,"stat.entityKilledBy.Witch":1,"stat.useItem.minecraft.diamond_sword":22,"stat.useItem.minecraft.glowstone":90,"stat.craftItem.minecraft.diamond_helmet":1,"stat.swimOneCm":82155,"stat.mineBlock.minecraft.diamond_block":6,"stat.pickup.minecraft.enchanted_book":1,"stat.climbOneCm":43092,"stat.useItem.minecraft.planks":63,"stat.pickup.minecraft.glowstone":1,"stat.useItem.minecraft.golden_shovel":11,"stat.pickup.minecraft.golden_boots":2,"stat.pickup.minecraft.glowstone_dust":79,"stat.craftItem.minecraft.golden_chestplate":1,"stat.pickup.minecraft.porkchop":6,"stat.useItem.minecraft.coal_block":10,"stat.useItem.minecraft.dirt":82,"stat.pickup.minecraft.golden_helmet":2,"stat.pickup.minecraft.bow":1,"achievement.exploreAllBiomes":{"value":0,"progress":["Extreme Hills+","Forest","River","Extreme Hills"]},"stat.useItem.minecraft.water_bucket":105,"stat.pickup.minecraft.rotten_flesh":2,"stat.pickup.minecraft.splash_potion":1,"stat.pickup.minecraft.golden_axe":1,"stat.pickup.minecraft.coal_ore":1,"stat.pickup.minecraft.cobblestone_wall":1,"stat.pickup.minecraft.bucket":6,"stat.useItem.minecraft.rail":37,"stat.pickup.minecraft.cobblestone":167,"stat.pickup.minecraft.wooden_hoe":2,"stat.pickup.minecraft.iron_trapdoor":1,"stat.pickup.minecraft.gold_block":172,"stat.flyOneCm":599797,"stat.pickup.minecraft.glass_bottle":9,"stat.pickup.minecraft.cactus":3,"stat.pickup.minecraft.golden_pickaxe":1,"stat.timeSinceDeath":39292,"stat.pickup.minecraft.packed_ice":1,"stat.pickup.minecraft.mutton":2,"stat.pickup.minecraft.double_plant":1,"stat.pickup.minecraft.melon_block":3,"stat.pickup.minecraft.dark_oak_door":2,"stat.pickup.minecraft.light_weighted_pressure_plate":2,"stat.pickup.minecraft.wooden_shovel":2,"stat.pickup.minecraft.redstone_lamp":1,"stat.drop.minecraft.diamond_block":7,"stat.pickup.minecraft.iron_shovel":1,"stat.mineBlock.minecraft.coal_ore":23,"stat.pickup.minecraft.wooden_sword":1,"stat.pickup.minecraft.sponge":2,"stat.pickup.minecraft.string":17,"stat.craftItem.minecraft.golden_helmet":1,"stat.drop.minecraft.monster_egg":1,"stat.craftItem.minecraft.golden_leggings":1,"stat.pickup.minecraft.nether_star":1,"achievement.mineWood":4,"stat.pickup.minecraft.cauldron":2,"stat.sprintOneCm":49779,"stat.useItem.minecraft.diamond_block":261,"stat.useItem.minecraft.bed":54,"achievement.openInventory":286,"stat.pickup.minecraft.potion":9,"stat.useItem.minecraft.snowball":47,"stat.mineBlock.minecraft.diamond_ore":47,"stat.useItem.minecraft.flint_and_steel":43,"stat.useItem.minecraft.diamond_pickaxe":234,"stat.drop.minecraft.lava_bucket":2,"stat.pickup.minecraft.diamond_chestplate":1,"stat.pickup.minecraft.emerald":70,"stat.pickup.minecraft.leather_leggings":1,"stat.deaths":9,"stat.drop":33,"stat.pickup.minecraft.egg":1,"stat.playOneMinute":409881,"stat.pickup.minecraft.blaze_rod":192,"stat.killEntity.Sheep":2,"stat.useItem.minecraft.diamond_ore":199,"stat.pickup.minecraft.diamond_block":48,"stat.pickup.minecraft.golden_chestplate":2,"stat.pickup.minecraft.iron_block":2,"stat.pickup.minecraft.snowball":104,"stat.diveOneCm":42509,"stat.chestOpened":91,"stat.useItem.minecraft.splash_potion":1,"stat.useItem.minecraft.stone":15,"stat.useItem.minecraft.sponge":59,"stat.pickup.minecraft.arrow":22,"stat.mineBlock.minecraft.ice":6,"stat.pickup.minecraft.stone_axe":6,"stat.useItem.minecraft.potion":30,"stat.useItem.minecraft.packed_ice":2,"stat.pickup.minecraft.diamond_sword":4,"stat.mineBlock.minecraft.gold_block":33,"stat.jump":2784,"stat.pickup.minecraft.fence":2,"stat.pickup.minecraft.coal":62,"stat.pickup.minecraft.iron_helmet":1,"stat.pickup.minecraft.iron_ingot":10,"stat.fallOneCm":62324,"stat.drop.minecraft.diamond_sword":3,"stat.crouchOneCm":2009,"stat.pickup.minecraft.dirt":98,"stat.pickup.minecraft.diamond_ore":48,"stat.useItem.minecraft.light_weighted_pressure_plate":2,"stat.pickup.minecraft.ender_chest":1,"stat.pickup.minecraft.golden_leggings":2,"stat.drop.minecraft.bed":2,"stat.pickup.minecraft.iron_ore":2,"stat.craftingTableInteraction":10,"stat.useItem.minecraft.emerald_ore":1,"stat.pickup.minecraft.stone_shovel":2,"stat.pickup.minecraft.snow":1,"stat.pickup.minecraft.milk_bucket":1,"stat.pickup.minecraft.gold_ore":1,"stat.drop.minecraft.gold_block":10,"stat.useItem.minecraft.redstone_lamp":1,"stat.pickup.minecraft.cookie":128,"stat.pickup.minecraft.emerald_ore":3,"stat.pickup.minecraft.iron_axe":1,"stat.mineBlock.minecraft.glass_pane":2,"stat.useItem.minecraft.golden_rail":2,"stat.pickup.minecraft.wooden_pickaxe":1,"stat.damageTaken":9581,"stat.pickup.minecraft.leather":1,"stat.mineBlock.minecraft.torch":16,"stat.useItem.minecraft.gold_block":1579,"stat.pickup.minecraft.slime":1,"stat.drop.minecraft.water_bucket":4,"stat.pickup.minecraft.planks":3,"stat.pickup.minecraft.bed":14,"stat.pickup.minecraft.wheat_seeds":1,"stat.damageDealt":2761,"stat.useItem.minecraft.wool":3,"stat.sleepInBed":19,"stat.pickup.minecraft.redstone_ore":2,"stat.mineBlock.minecraft.dirt":64,"stat.useItem.minecraft.crafting_table":2,"stat.killEntity.Pig":2,"stat.walkOneCm":850845,"stat.useItem.minecraft.torch":21,"stat.pickup.minecraft.golden_apple":382,"stat.playerKills":1,"stat.useItem.minecraft.chest":23,"stat.pickup.minecraft.stick":4,"stat.pickup.minecraft.diamond_pickaxe":6,"stat.drop.minecraft.diamond_ore":2,"stat.pickup.minecraft.crafting_table":1,"stat.useItem.minecraft.log":40,"stat.useItem.minecraft.cobblestone":78,"stat.useItem.minecraft.lava_bucket":46,"stat.pickup.minecraft.golden_hoe":1,"stat.pickup.minecraft.iron_hoe":2,"stat.mineBlock.minecraft.emerald_ore":1,"stat.pickup.minecraft.redstone_block":1,"stat.pickup.minecraft.log":51,"stat.craftItem.minecraft.diamond_boots":1,"stat.pickup.minecraft.iron_pickaxe":1,"stat.craftItem.minecraft.gold_ingot":351,"stat.pickup.minecraft.web":1,"stat.pickup.minecraft.ender_pearl":2,"stat.pickup.minecraft.wooden_door":1,"stat.pickup.minecraft.ladder":2,"stat.pickup.minecraft.gold_ingot":990,"stat.useItem.minecraft.birch_door":2,"stat.pickup.minecraft.coal_block":11,"stat.pickup.minecraft.stone_sword":2,"stat.mineBlock.minecraft.glowstone":14,"stat.mobKills":4,"stat.drop.minecraft.diamond_boots":2,"stat.pickup.minecraft.diamond_boots":4,"stat.pickup.minecraft.quartz":1,"stat.pickup.minecraft.golden_shovel":1,"stat.useItem.minecraft.monster_egg":1,"stat.pickup.minecraft.water_bucket":6,"stat.useItem.minecraft.cobblestone_wall":19,"stat.pickup.minecraft.diamond":68,"stat.mineBlock.minecraft.leaves":2,"stat.craftItem.minecraft.golden_boots":1,"stat.pickup.minecraft.torch":62,"stat.sneakTime":6105,"stat.pickup.minecraft.wool":17,"stat.pickup.minecraft.rabbit":1,"stat.pickup.minecraft.lava_bucket":2,"stat.pickup.minecraft.cooked_fish":1,"stat.pickup.minecraft.yellow_flower":1,"stat.mineBlock.minecraft.stone":71}