{"stat.chestOpened":87,"stat.craftItem.minecraft.diamond_chestplate":1,"stat.cakeSlicesEaten":36,"stat.pickup.minecraft.pumpkin":7,"stat.pickup.minecraft.bone":3,"stat.useItem.minecraft.mushroom_stew":2,"stat.craftItem.minecraft.diamond_leggings":1,"stat.leaveGame":1,"stat.pickup.minecraft.arrow":2,"stat.mineBlock.minecraft.pumpkin":6,"stat.useItem.minecraft.bookshelf":46,"stat.useItem.minecraft.diamond_axe":1,"stat.pickup.minecraft.stone_axe":1,"stat.useItem.minecraft.ender_chest":5,"stat.useItem.minecraft.skull":13,"stat.pickup.minecraft.obsidian":8,"stat.useItem.minecraft.diamond_sword":8,"stat.useItem.minecraft.potion":1,"stat.useItem.minecraft.glowstone":46,"stat.craftItem.minecraft.diamond_helmet":1,"stat.pickup.minecraft.diamond_sword":2,"stat.mineBlock.minecraft.gold_block":1,"stat.jump":3436,"stat.swimOneCm":43579,"stat.mineBlock.minecraft.diamond_block":7,"stat.pickup.minecraft.fence":12,"stat.fallOneCm":173111,"stat.climbOneCm":71815,"stat.pickup.minecraft.enchanted_book":1,"stat.pickup.minecraft.glowstone_dust":85,"stat.pickup.minecraft.melon_seeds":3,"stat.pickup.minecraft.porkchop":13,"stat.craftItem.minecraft.bread":5,"stat.crouchOneCm":1083,"stat.enderchestOpened":26,"stat.pickup.minecraft.dirt":28,"stat.useItem.minecraft.dirt":35,"stat.useItem.minecraft.cookie":4,"stat.pickup.minecraft.red_mushroom":214,"stat.pickup.minecraft.ender_chest":36,"stat.pickup.minecraft.diamond_ore":77,"stat.pickup.minecraft.melon":20,"achievement.exploreAllBiomes":{"value":0,"progress":["Extreme Hills+","Forest","River","Extreme Hills","Hell"]},"stat.drop.minecraft.bed":1,"stat.useItem.minecraft.water_bucket":3,"stat.craftingTableInteraction":22,"stat.pickup.minecraft.rotten_flesh":4,"stat.useItem.minecraft.diamond_hoe":67,"stat.pickup.minecraft.snow":8,"stat.pickup.minecraft.milk_bucket":1,"stat.pickup.minecraft.cooked_rabbit":192,"stat.pickup.minecraft.mushroom_stew":34,"stat.mineBlock.minecraft.glass_pane":15,"stat.damageTaken":14265,"stat.pickup.minecraft.leather":20,"stat.drop.minecraft.bone":3,"stat.pickup.minecraft.bucket":2,"stat.mineBlock.minecraft.melon_block":4,"stat.pickup.minecraft.shears":3,"stat.pickup.minecraft.gold_block":1,"stat.craftItem.minecraft.glowstone":7,"stat.pickup.minecraft.planks":4,"stat.pickup.minecraft.diamond_hoe":2,"stat.flyOneCm":249404,"stat.pickup.minecraft.bed":4,"stat.mineBlock.minecraft.snow_layer":6,"stat.pickup.minecraft.wheat_seeds":48,"stat.pickup.minecraft.diamond_axe":1,"stat.killEntity.MushroomCow":3,"stat.useItem.minecraft.cooked_beef":1,"stat.damageDealt":4224,"stat.sleepInBed":7,"stat.timeSinceDeath":22370,"stat.mineBlock.minecraft.ender_chest":1,"stat.killEntity.Cow":6,"stat.mineBlock.minecraft.dirt":30,"stat.useItem.minecraft.melon_block":1,"stat.useItem.minecraft.spawn_egg":205,"stat.killEntity.Pig":6,"stat.walkOneCm":1159819,"stat.pickup.minecraft.golden_apple":113,"stat.playerKills":5,"stat.pickup.minecraft.stick":18,"stat.pickup.minecraft.diamond_pickaxe":2,"stat.useItem.minecraft.pumpkin":3,"stat.furnaceInteraction":1,"stat.pickup.minecraft.diamond_shovel":3,"stat.talkedToVillager":2,"stat.pickup.minecraft.log":13,"stat.craftItem.minecraft.diamond_boots":1,"stat.pickup.minecraft.beef":94,"stat.useItem.minecraft.milk_bucket":34,"stat.drop.minecraft.planks":1,"achievement.mineWood":13,"stat.sprintOneCm":143986,"stat.useItem.minecraft.diamond_block":2,"stat.useItem.minecraft.diamond_shovel":7,"stat.useItem.minecraft.fence":11,"stat.pickup.minecraft.ladder":3,"stat.craftItem.minecraft.stick":32,"stat.drop.minecraft.pumpkin_seeds":1,"stat.pickup.minecraft.beetroot":11,"stat.useItem.minecraft.bed":3,"achievement.openInventory":150,"stat.craftItem.minecraft.planks":52,"stat.pickup.minecraft.potion":6,"stat.mineBlock.minecraft.diamond_ore":61,"stat.useItem.minecraft.snowball":70,"stat.mineBlock.minecraft.fence":12,"stat.useItem.minecraft.wheat_seeds":18,"stat.useItem.minecraft.diamond_pickaxe":78,"stat.pickup.minecraft.bread":4,"stat.pickup.minecraft.pumpkin_seeds":12,"stat.mineBlock.minecraft.glowstone":16,"stat.mobKills":18,"stat.mineBlock.minecraft.log":13,"stat.useItem.minecraft.bucket":4,"stat.pickup.minecraft.spawn_egg":67,"stat.useItem.minecraft.golden_apple":15,"stat.deaths":30,"stat.useItem.minecraft.monster_egg":1,"stat.pickup.minecraft.bowl":2,"stat.mineBlock.minecraft.planks":3,"stat.drop":6,"stat.pickup.minecraft.diamond":98,"stat.pickup.minecraft.beetroot_seeds":38,"stat.mineBlock.minecraft.leaves":2,"stat.playOneMinute":290711,"stat.pickup.minecraft.blaze_rod":1,"stat.useItem.minecraft.cake":1,"stat.pickup.minecraft.torch":1,"stat.useItem.minecraft.beetroot_seeds":4,"stat.useItem.minecraft.diamond_ore":231,"stat.useItem.minecraft.ladder":14,"stat.sneakTime":2265,"stat.pickup.minecraft.diamond_block":7,"stat.useItem.minecraft.melon_seeds":3,"stat.killEntity.Zombie":1,"stat.pickup.minecraft.snowball":406,"stat.diveOneCm":99661,"stat.pickup.minecraft.wheat":23}