{"stat.chestOpened":38,"stat.pickup.minecraft.bone":1,"stat.pickup.minecraft.wooden_slab":4,"stat.pickup.minecraft.sign":2,"stat.pickup.minecraft.redstone_torch":2,"stat.leaveGame":1,"stat.useItem.minecraft.acacia_fence_gate":6,"stat.mineBlock.minecraft.ice":3,"stat.mineBlock.minecraft.yellow_flower":1,"stat.useItem.minecraft.diamond_sword":480,"stat.useItem.minecraft.potion":11,"stat.useItem.minecraft.glowstone":6,"stat.jump":1628,"stat.swimOneCm":62111,"stat.useItem.minecraft.wooden_hoe":100,"stat.fallOneCm":54210,"stat.climbOneCm":41375,"stat.useItem.minecraft.planks":8,"stat.pickup.minecraft.glowstone_dust":52,"stat.pickup.minecraft.melon_seeds":4,"stat.craftItem.minecraft.bread":1,"stat.pickup.minecraft.porkchop":3,"stat.crouchOneCm":771,"stat.mineBlock.minecraft.chest":1,"stat.useItem.minecraft.redstone_torch":3,"stat.pickup.minecraft.dirt":28,"stat.useItem.minecraft.dirt":63,"stat.pickup.minecraft.diamond_ore":32,"stat.pickup.minecraft.melon":14,"achievement.exploreAllBiomes":{"value":0,"progress":["Extreme Hills+","Birch Forest","Forest","River","Plains","Extreme Hills"]},"stat.drop.minecraft.bed":1,"stat.useItem.minecraft.water_bucket":8,"stat.craftingTableInteraction":10,"stat.drop.minecraft.milk_bucket":1,"stat.pickup.minecraft.milk_bucket":2,"stat.pickup.minecraft.emerald_ore":68,"stat.mineBlock.minecraft.glass_pane":8,"stat.damageTaken":4738,"stat.drop.minecraft.bone":1,"stat.mineBlock.minecraft.red_flower":1,"stat.mineBlock.minecraft.melon_block":3,"stat.useItem.minecraft.gold_block":95,"stat.pickup.minecraft.shears":1,"stat.pickup.minecraft.cobblestone":10,"stat.mineBlock.minecraft.wooden_slab":2,"stat.pickup.minecraft.wooden_hoe":2,"stat.craftItem.minecraft.glowstone":6,"stat.pickup.minecraft.planks":12,"stat.flyOneCm":321977,"stat.pickup.minecraft.bed":14,"stat.pickup.minecraft.wheat_seeds":30,"stat.pickup.minecraft.potato":30,"stat.craftItem.minecraft.wooden_hoe":2,"stat.damageDealt":16687,"stat.sleepInBed":9,"stat.timeSinceDeath":52839,"stat.useItem.minecraft.fence_gate":19,"stat.mineBlock.minecraft.dirt":31,"stat.useItem.minecraft.sign":2,"stat.useItem.minecraft.spawn_egg":584,"stat.pickup.minecraft.mutton":1,"stat.pickup.minecraft.double_plant":10,"stat.walkOneCm":796827,"stat.useItem.minecraft.torch":45,"stat.pickup.minecraft.golden_apple":128,"stat.useItem.minecraft.chest":2,"stat.pickup.minecraft.cake":6,"stat.pickup.minecraft.stick":2,"stat.pickup.minecraft.spectral_arrow":4,"stat.useItem.minecraft.tnt":7,"stat.useItem.minecraft.cobblestone":7,"stat.killEntity.Wolf":142,"stat.drop.minecraft.diamond_block":1,"stat.mineBlock.minecraft.double_plant":3,"stat.useItem.minecraft.pumpkin_seeds":5,"stat.killEntity.Creeper":1,"stat.drop.minecraft.spawn_egg":1,"stat.pickup.minecraft.log":15,"stat.pickup.minecraft.fence_gate":1,"stat.useItem.minecraft.melon":2,"stat.useItem.minecraft.milk_bucket":5,"achievement.mineWood":10,"stat.useItem.minecraft.diamond_block":187,"stat.sprintOneCm":30097,"stat.breakItem.minecraft.diamond_helmet":1,"stat.craftItem.minecraft.stick":4,"stat.pickup.minecraft.beetroot":1,"stat.breakItem.minecraft.wooden_hoe":1,"stat.useItem.minecraft.bed":21,"achievement.openInventory":152,"stat.craftItem.minecraft.planks":12,"stat.drop.minecraft.wooden_hoe":1,"stat.useItem.minecraft.wheat_seeds":12,"stat.pickup.minecraft.bread":3,"stat.pickup.minecraft.pumpkin_seeds":4,"stat.mineBlock.minecraft.glowstone":14,"stat.mobKills":153,"stat.mineBlock.minecraft.log":9,"stat.useItem.minecraft.bucket":12,"stat.deaths":4,"stat.mineBlock.minecraft.planks":5,"stat.pickup.minecraft.water_bucket":6,"stat.drop":6,"stat.craftItem.minecraft.melon_seeds":24,"stat.pickup.minecraft.beetroot_seeds":6,"stat.mineBlock.minecraft.leaves":3,"stat.playOneMinute":259374,"stat.useItem.minecraft.cake":2,"stat.pickup.minecraft.torch":8,"stat.killEntity.Sheep":1,"stat.pickup.minecraft.red_flower":1,"stat.useItem.minecraft.beetroot_seeds":5,"stat.sneakTime":3594,"stat.pickup.minecraft.wool":19,"stat.pickup.minecraft.diamond_block":1,"stat.useItem.minecraft.melon_seeds":16,"stat.pickup.minecraft.yellow_flower":1,"stat.mineBlock.minecraft.tallgrass":1,"stat.diveOneCm":32429,"stat.pickup.minecraft.wheat":12,"stat.pickup.minecraft.chest":1}