{"stat.drop.minecraft.stone_pickaxe":4,"stat.chestOpened":25,"stat.pickup.minecraft.double_plant":11,"stat.walkOneCm":477338,"stat.useItem.minecraft.torch":25,"stat.playerKills":2,"stat.pickup.minecraft.stick":12,"stat.pickup.minecraft.gravel":58,"stat.leaveGame":1,"stat.pickup.minecraft.arrow":1,"stat.mineBlock.minecraft.cobblestone":39,"stat.useItem.minecraft.log":4,"stat.pickup.minecraft.stone_pickaxe":21,"stat.useItem.minecraft.cobblestone":138,"stat.pickup.minecraft.flint":15,"stat.furnaceInteraction":30,"stat.useItem.minecraft.gravel":4,"stat.drop.minecraft.dirt":4,"stat.mineBlock.minecraft.double_plant":3,"stat.useItem.minecraft.cooked_porkchop":5,"stat.useItem.minecraft.apple":1,"stat.mineBlock.minecraft.coal_ore":76,"stat.breakItem.minecraft.stone_pickaxe":6,"stat.useItem.minecraft.porkchop":6,"stat.pickup.minecraft.wooden_button":1,"stat.pickup.minecraft.wooden_sword":1,"stat.pickup.minecraft.log":85,"stat.drop.minecraft.cooked_porkchop":5,"stat.jump":1702,"stat.swimOneCm":213,"stat.mineBlock.minecraft.ladder":3,"stat.useItem.minecraft.double_plant":4,"stat.pickup.minecraft.coal":216,"stat.fallOneCm":33972,"stat.useItem.minecraft.planks":25,"stat.climbOneCm":15718,"stat.useItem.minecraft.cooked_mutton":2,"stat.entityKilledBy.Skeleton":1,"stat.pickup.minecraft.cooked_porkchop":54,"stat.pickup.minecraft.porkchop":6,"stat.pickup.minecraft.stone":10,"achievement.mineWood":43,"stat.pickup.minecraft.sapling":38,"stat.pickup.minecraft.dirt":747,"stat.useItem.minecraft.dirt":154,"stat.sprintOneCm":1375,"achievement.exploreAllBiomes":{"value":0,"progress":["Extreme Hills+","Forest","River","Extreme Hills"]},"stat.pickup.minecraft.apple":5,"stat.pickup.minecraft.ladder":1,"stat.craftingTableInteraction":15,"stat.pickup.minecraft.iron_ore":1,"stat.pickup.minecraft.stone_hoe":1,"stat.useItem.minecraft.sapling":4,"stat.entityKilledBy.Spider":1,"achievement.openInventory":84,"stat.craftItem.minecraft.planks":8,"stat.useItem.minecraft.snowball":16,"stat.pickup.minecraft.wooden_pickaxe":11,"stat.damageTaken":3076,"stat.craftItem.minecraft.wooden_button":1,"stat.pickup.minecraft.stone_sword":5,"stat.mineBlock.minecraft.torch":13,"stat.craftItem.minecraft.stone_pickaxe":3,"stat.useItem.minecraft.wooden_pickaxe":65,"stat.pickup.minecraft.cobblestone":1000,"stat.mineBlock.minecraft.sapling":4,"stat.mineBlock.minecraft.log":65,"stat.entityKilledBy.Creeper":2,"stat.pickup.minecraft.planks":83,"stat.flyOneCm":7753,"stat.deaths":8,"stat.mineBlock.minecraft.planks":17,"stat.pickup.minecraft.wheat_seeds":2,"stat.drop":13,"stat.mineBlock.minecraft.leaves":206,"stat.playOneMinute":228010,"stat.entityKilledBy.Zombie":2,"stat.mineBlock.minecraft.gravel":38,"stat.pickup.minecraft.torch":201,"stat.useItem.minecraft.stone_pickaxe":1047,"stat.useItem.minecraft.ladder":1,"stat.useItem.minecraft.stone_sword":4,"stat.sneakTime":35,"stat.damageDealt":1110,"stat.mineBlock.minecraft.iron_ore":1,"stat.timeSinceDeath":20463,"stat.pickup.minecraft.snowball":105,"stat.pickup.minecraft.yellow_flower":4,"stat.mineBlock.minecraft.dirt":437,"stat.mineBlock.minecraft.stone":699,"stat.mineBlock.minecraft.tallgrass":5,"stat.craftItem.minecraft.cooked_mutton":3,"stat.breakItem.minecraft.wooden_pickaxe":2,"stat.pickup.minecraft.cooked_mutton":7}