{"stat.chestOpened":4,"stat.craftItem.minecraft.stone_shovel":1,"stat.walkOneCm":28712,"stat.useItem.minecraft.torch":2,"achievement.openInventory":4,"stat.leaveGame":2,"stat.mineBlock.minecraft.cobblestone":2,"stat.damageTaken":1000,"stat.useItem.minecraft.cobblestone":13,"stat.pickup.minecraft.cobblestone":45,"stat.useItem.minecraft.stone_shovel":12,"stat.flyOneCm":6412,"stat.deaths":3,"stat.mineBlock.minecraft.snow_layer":12,"stat.jump":303,"stat.swimOneCm":2612,"stat.playOneMinute":18683,"stat.entityKilledBy.Zombie":1,"stat.fallOneCm":6603,"stat.climbOneCm":1107,"stat.pickup.minecraft.torch":1,"stat.useItem.minecraft.stone_pickaxe":53,"stat.timeSinceDeath":11083,"stat.pickup.minecraft.snowball":24,"stat.pickup.minecraft.dirt":7,"stat.sprintOneCm":920,"stat.mineBlock.minecraft.dirt":7,"stat.mineBlock.minecraft.stone":44,"achievement.exploreAllBiomes":{"value":0,"progress":["Forest","River","Extreme Hills"]},"stat.diveOneCm":397,"stat.craftItem.minecraft.stick":4,"stat.craftingTableInteraction":1}