{"stat.walkOneCm":11929,"stat.leaveGame":2,"stat.useItem.minecraft.sponge":13,"stat.useItem.minecraft.log":1,"stat.pickup.minecraft.stone_axe":1,"stat.craftItem.minecraft.crafting_table":2,"stat.killEntity.Ghast":1,"stat.pickup.minecraft.iron_hoe":1,"stat.pickup.minecraft.log":6,"stat.jump":33,"stat.fallOneCm":1104,"achievement.buildWorkBench":2,"stat.useItem.minecraft.stone_axe":10,"stat.entityKilledBy.PigZombie":2,"stat.pickup.minecraft.porkchop":1,"stat.crouchOneCm":35,"stat.pickup.minecraft.nether_star":1,"achievement.mineWood":5,"stat.pickup.minecraft.dirt":2,"achievement.exploreAllBiomes":{"value":0,"progress":["Forest"]},"stat.pickup.minecraft.iron_boots":1,"achievement.openInventory":9,"stat.craftItem.minecraft.planks":12,"stat.damageTaken":780,"stat.pickup.minecraft.leather":1,"stat.mobKills":2,"stat.mineBlock.minecraft.log":6,"stat.flyOneCm":1369,"stat.deaths":3,"stat.mineBlock.minecraft.leaves":7,"stat.playOneMinute":22012,"stat.sneakTime":3,"stat.damageDealt":153,"stat.timeSinceDeath":468,"stat.mineBlock.minecraft.dirt":4,"stat.killEntity.Pig":1,"stat.mineBlock.minecraft.tallgrass":2}