{"stat.chestOpened":39,"stat.craftItem.minecraft.diamond_chestplate":1,"stat.walkOneCm":167896,"stat.pickup.minecraft.golden_apple":306,"stat.craftItem.minecraft.diamond_leggings":3,"stat.pickup.minecraft.sign":7,"stat.pickup.minecraft.stick":314,"stat.pickup.minecraft.diamond_pickaxe":4,"stat.leaveGame":1,"stat.pickup.minecraft.chainmail_helmet":3,"stat.pickup.minecraft.melon_block":9,"stat.pickup.minecraft.spectral_arrow":2,"stat.pickup.minecraft.crafting_table":1,"stat.pickup.minecraft.wooden_pressure_plate":2,"stat.pickup.minecraft.stone_axe":3,"stat.drop.minecraft.diamond_block":27,"stat.pickup.minecraft.iron_shovel":1,"stat.useItem.minecraft.potion":6,"stat.pickup.minecraft.wooden_sword":3,"stat.craftItem.minecraft.diamond_helmet":4,"stat.pickup.minecraft.diamond_sword":2,"stat.craftItem.minecraft.diamond_boots":2,"stat.jump":377,"stat.swimOneCm":8516,"stat.mineBlock.minecraft.diamond_block":7,"stat.pickup.minecraft.iron_helmet":2,"stat.pickup.minecraft.coal":23,"stat.fallOneCm":5452,"stat.climbOneCm":8331,"stat.pickup.minecraft.glowstone":3,"stat.pickup.minecraft.golden_boots":1,"stat.pickup.minecraft.glowstone_dust":50,"stat.crouchOneCm":885,"stat.pickup.minecraft.tipped_arrow":8,"stat.pickup.minecraft.chainmail_leggings":3,"stat.pickup.minecraft.dirt":13,"stat.pickup.minecraft.golden_helmet":1,"stat.useItem.minecraft.diamond_block":554,"stat.sprintOneCm":2008,"stat.pickup.minecraft.diamond_ore":58,"stat.pickup.minecraft.golden_leggings":1,"achievement.exploreAllBiomes":{"value":0,"progress":["Forest","River","Extreme Hills"]},"stat.pickup.minecraft.ladder":3,"stat.pickup.minecraft.apple":2,"stat.pickup.minecraft.skull":1,"stat.useItem.minecraft.glass_pane":1,"stat.craftingTableInteraction":10,"stat.pickup.minecraft.gold_ingot":274,"stat.drop.minecraft.potion":1,"stat.useItem.minecraft.birch_door":1,"stat.useItem.minecraft.bed":3,"stat.pickup.minecraft.splash_potion":2,"achievement.openInventory":68,"stat.pickup.minecraft.cookie":86,"stat.pickup.minecraft.potion":10,"stat.pickup.minecraft.emerald_ore":63,"stat.pickup.minecraft.diamond_helmet":5,"stat.damageTaken":1762,"stat.useItem.minecraft.diamond_pickaxe":42,"stat.mineBlock.minecraft.glowstone":7,"stat.pickup.minecraft.diamond_chestplate":6,"stat.pickup.minecraft.cobblestone":99,"stat.pickup.minecraft.emerald":64,"stat.pickup.minecraft.diamond_boots":5,"stat.pickup.minecraft.gold_block":253,"stat.pickup.minecraft.diamond_leggings":3,"stat.flyOneCm":150101,"stat.pickup.minecraft.bed":1,"stat.deaths":2,"stat.pickup.minecraft.water_bucket":3,"stat.pickup.minecraft.glass_bottle":4,"stat.pickup.minecraft.chainmail_chestplate":3,"stat.drop":5,"stat.pickup.minecraft.diamond":268,"stat.pickup.minecraft.quartz_block":4,"stat.playOneMinute":103075,"stat.pickup.minecraft.blaze_rod":64,"stat.pickup.minecraft.torch":3,"stat.useItem.minecraft.ladder":5,"stat.pickup.minecraft.cactus":1,"stat.sneakTime":1814,"stat.pickup.minecraft.diamond_block":132,"stat.damageDealt":683,"stat.pickup.minecraft.golden_chestplate":1,"stat.craftItem.minecraft.diamond_pickaxe":3,"stat.pickup.minecraft.glass_pane":1,"stat.sleepInBed":5,"stat.timeSinceDeath":35254,"stat.pickup.minecraft.stone_slab":1,"stat.mineBlock.minecraft.dirt":11,"stat.useItem.minecraft.crafting_table":3,"stat.mineBlock.minecraft.stone":33,"stat.pickup.minecraft.chainmail_boots":1,"stat.diveOneCm":2023,"stat.pickup.minecraft.chest":6}