{"stat.pickup.minecraft.stone_shovel":2,"stat.walkOneCm":41771,"achievement.openInventory":7,"stat.useItem.minecraft.snowball":2,"stat.leaveGame":1,"stat.damageTaken":867,"stat.useItem.minecraft.cobblestone":3,"stat.useItem.minecraft.cooked_porkchop":2,"stat.pickup.minecraft.cobblestone":3,"stat.mineBlock.minecraft.sapling":1,"stat.pickup.minecraft.planks":1,"stat.useItem.minecraft.stone_shovel":31,"stat.flyOneCm":494,"stat.deaths":1,"stat.jump":157,"stat.swimOneCm":102,"stat.mineBlock.minecraft.leaves":14,"stat.playOneMinute":26991,"stat.climbOneCm":1053,"stat.useItem.minecraft.planks":1,"stat.fallOneCm":10018,"stat.sneakTime":6,"stat.pickup.minecraft.cooked_porkchop":15,"stat.damageDealt":10,"stat.timeSinceDeath":26210,"stat.pickup.minecraft.snowball":2,"stat.pickup.minecraft.sapling":1,"stat.pickup.minecraft.dirt":21,"stat.useItem.minecraft.dirt":14,"stat.mineBlock.minecraft.dirt":48,"achievement.exploreAllBiomes":{"value":0,"progress":["Forest","River","Extreme Hills"]}}